district_code,reference_period,category,male,female,total
1001,2025-12,lunar_birth_year,0,0,0
1001,2025-12,central_house_register,263,173,436
1001,2025-12,non_thai_nationality,388,256,644
1001,2025-12,in_migration,1,3,4
1002,2025-12,lunar_birth_year,0,0,0
1002,2025-12,central_house_register,1939,666,2605
1002,2025-12,non_thai_nationality,462,316,778
1002,2025-12,in_migration,23,22,45
1003,2025-12,lunar_birth_year,0,0,0
1003,2025-12,central_house_register,438,294,732
1003,2025-12,non_thai_nationality,428,371,799
1003,2025-12,in_migration,12,10,22
1004,2025-12,lunar_birth_year,0,0,0
1004,2025-12,central_house_register,2563,2306,4869
1004,2025-12,non_thai_nationality,1276,809,2085
1004,2025-12,in_migration,39,45,84
1005,2025-12,lunar_birth_year,0,0,0
1005,2025-12,central_house_register,896,443,1339
1005,2025-12,non_thai_nationality,558,441,999
1005,2025-12,in_migration,12,9,21
1006,2025-12,lunar_birth_year,0,0,0
1006,2025-12,central_house_register,1057,675,1732
1006,2025-12,non_thai_nationality,838,704,1542
1006,2025-12,in_migration,23,7,30
1007,2025-12,lunar_birth_year,0,0,0
1007,2025-12,central_house_register,1046,1011,2057
1007,2025-12,non_thai_nationality,1242,990,2232
1007,2025-12,in_migration,64,54,118
1008,2025-12,lunar_birth_year,0,0,0
1008,2025-12,central_house_register,617,558,1175
1008,2025-12,non_thai_nationality,594,436,1030
1008,2025-12,in_migration,17,19,36
1009,2025-12,lunar_birth_year,0,0,0
1009,2025-12,central_house_register,946,673,1619
1009,2025-12,non_thai_nationality,454,317,771
1009,2025-12,in_migration,9,8,17
1010,2025-12,lunar_birth_year,0,0,0
1010,2025-12,central_house_register,607,450,1057
1010,2025-12,non_thai_nationality,574,399,973
1010,2025-12,in_migration,49,53,102
1011,2025-12,lunar_birth_year,0,0,0
1011,2025-12,central_house_register,376,282,658
1011,2025-12,non_thai_nationality,598,469,1067
1011,2025-12,in_migration,19,7,26
1012,2025-12,lunar_birth_year,0,0,0
1012,2025-12,central_house_register,253,166,419
1012,2025-12,non_thai_nationality,1358,906,2264
1012,2025-12,in_migration,64,44,108
1013,2025-12,lunar_birth_year,0,0,0
1013,2025-12,central_house_register,249,108,357
1013,2025-12,non_thai_nationality,346,227,573
1013,2025-12,in_migration,4,2,6
1014,2025-12,lunar_birth_year,0,0,0
1014,2025-12,central_house_register,1005,417,1422
1014,2025-12,non_thai_nationality,358,224,582
1014,2025-12,in_migration,15,16,31
1015,2025-12,lunar_birth_year,0,0,0
1015,2025-12,central_house_register,507,410,917
1015,2025-12,non_thai_nationality,516,420,936
1015,2025-12,in_migration,25,19,44
1016,2025-12,lunar_birth_year,0,0,0
1016,2025-12,central_house_register,171,105,276
1016,2025-12,non_thai_nationality,277,275,552
1016,2025-12,in_migration,6,0,6
1017,2025-12,lunar_birth_year,0,0,0
1017,2025-12,central_house_register,876,799,1675
1017,2025-12,non_thai_nationality,894,629,1523
1017,2025-12,in_migration,19,18,37
1018,2025-12,lunar_birth_year,0,0,0
1018,2025-12,central_house_register,877,751,1628
1018,2025-12,non_thai_nationality,967,734,1701
1018,2025-12,in_migration,13,17,30
1019,2025-12,lunar_birth_year,0,0,0
1019,2025-12,central_house_register,215,152,367
1019,2025-12,non_thai_nationality,349,263,612
1019,2025-12,in_migration,3,1,4
1020,2025-12,lunar_birth_year,0,0,0
1020,2025-12,central_house_register,1195,884,2079
1020,2025-12,non_thai_nationality,330,298,628
1020,2025-12,in_migration,55,56,111
1021,2025-12,lunar_birth_year,0,0,0
1021,2025-12,central_house_register,661,491,1152
1021,2025-12,non_thai_nationality,825,708,1533
1021,2025-12,in_migration,27,16,43
1022,2025-12,lunar_birth_year,0,0,0
1022,2025-12,central_house_register,533,360,893
1022,2025-12,non_thai_nationality,396,300,696
1022,2025-12,in_migration,30,24,54
1023,2025-12,lunar_birth_year,0,0,0
1023,2025-12,central_house_register,515,381,896
1023,2025-12,non_thai_nationality,474,434,908
1023,2025-12,in_migration,14,30,44
1024,2025-12,lunar_birth_year,0,0,0
1024,2025-12,central_house_register,356,265,621
1024,2025-12,non_thai_nationality,465,365,830
1024,2025-12,in_migration,28,13,41
1025,2025-12,lunar_birth_year,0,0,0
1025,2025-12,central_house_register,257,198,455
1025,2025-12,non_thai_nationality,317,284,601
1025,2025-12,in_migration,16,16,32
1026,2025-12,lunar_birth_year,0,0,0
1026,2025-12,central_house_register,632,518,1150
1026,2025-12,non_thai_nationality,1784,1454,3238
1026,2025-12,in_migration,9,1,10
1027,2025-12,lunar_birth_year,0,0,0
1027,2025-12,central_house_register,486,409,895
1027,2025-12,non_thai_nationality,461,397,858
1027,2025-12,in_migration,15,9,24
1028,2025-12,lunar_birth_year,0,0,0
1028,2025-12,central_house_register,497,382,879
1028,2025-12,non_thai_nationality,1429,939,2368
1028,2025-12,in_migration,6,8,14
1029,2025-12,lunar_birth_year,0,0,0
1029,2025-12,central_house_register,509,364,873
1029,2025-12,non_thai_nationality,537,397,934
1029,2025-12,in_migration,14,16,30
1030,2025-12,lunar_birth_year,0,0,0
1030,2025-12,central_house_register,677,595,1272
1030,2025-12,non_thai_nationality,725,464,1189
1030,2025-12,in_migration,21,14,35
1031,2025-12,lunar_birth_year,0,0,0
1031,2025-12,central_house_register,644,551,1195
1031,2025-12,non_thai_nationality,657,497,1154
1031,2025-12,in_migration,27,36,63
1032,2025-12,lunar_birth_year,0,0,0
1032,2025-12,central_house_register,1011,804,1815
1032,2025-12,non_thai_nationality,1273,872,2145
1032,2025-12,in_migration,54,52,106
1033,2025-12,lunar_birth_year,0,0,0
1033,2025-12,central_house_register,776,652,1428
1033,2025-12,non_thai_nationality,1387,831,2218
1033,2025-12,in_migration,52,35,87
1034,2025-12,lunar_birth_year,0,0,0
1034,2025-12,central_house_register,766,696,1462
1034,2025-12,non_thai_nationality,1020,730,1750
1034,2025-12,in_migration,35,36,71
1035,2025-12,lunar_birth_year,0,0,0
1035,2025-12,central_house_register,1042,844,1886
1035,2025-12,non_thai_nationality,643,487,1130
1035,2025-12,in_migration,11,5,16
1036,2025-12,lunar_birth_year,0,0,0
1036,2025-12,central_house_register,1291,884,2175
1036,2025-12,non_thai_nationality,488,327,815
1036,2025-12,in_migration,19,11,30
1037,2025-12,lunar_birth_year,0,0,0
1037,2025-12,central_house_register,2047,1723,3770
1037,2025-12,non_thai_nationality,898,656,1554
1037,2025-12,in_migration,120,116,236
1038,2025-12,lunar_birth_year,0,0,0
1038,2025-12,central_house_register,338,276,614
1038,2025-12,non_thai_nationality,385,334,719
1038,2025-12,in_migration,15,11,26
1039,2025-12,lunar_birth_year,0,0,0
1039,2025-12,central_house_register,4747,4531,9278
1039,2025-12,non_thai_nationality,2698,1839,4537
1039,2025-12,in_migration,48,38,86
1040,2025-12,lunar_birth_year,0,0,0
1040,2025-12,central_house_register,598,452,1050
1040,2025-12,non_thai_nationality,977,894,1871
1040,2025-12,in_migration,27,31,58
1041,2025-12,lunar_birth_year,0,0,0
1041,2025-12,central_house_register,941,260,1201
1041,2025-12,non_thai_nationality,263,195,458
1041,2025-12,in_migration,15,7,22
1042,2025-12,lunar_birth_year,0,0,0
1042,2025-12,central_house_register,992,829,1821
1042,2025-12,non_thai_nationality,1054,774,1828
1042,2025-12,in_migration,73,60,133
1043,2025-12,lunar_birth_year,0,0,0
1043,2025-12,central_house_register,2088,1843,3931
1043,2025-12,non_thai_nationality,1995,1840,3835
1043,2025-12,in_migration,109,95,204
1044,2025-12,lunar_birth_year,0,0,0
1044,2025-12,central_house_register,184,153,337
1044,2025-12,non_thai_nationality,422,289,711
1044,2025-12,in_migration,11,7,18
1045,2025-12,lunar_birth_year,0,0,0
1045,2025-12,central_house_register,373,275,648
1045,2025-12,non_thai_nationality,455,351,806
1045,2025-12,in_migration,16,18,34
1046,2025-12,lunar_birth_year,0,0,0
1046,2025-12,central_house_register,579,445,1024
1046,2025-12,non_thai_nationality,640,444,1084
1046,2025-12,in_migration,15,6,21
1047,2025-12,lunar_birth_year,0,0,0
1047,2025-12,central_house_register,574,434,1008
1047,2025-12,non_thai_nationality,824,592,1416
1047,2025-12,in_migration,21,19,40
1048,2025-12,lunar_birth_year,0,0,0
1048,2025-12,central_house_register,156,119,275
1048,2025-12,non_thai_nationality,602,589,1191
1048,2025-12,in_migration,1,3,4
1049,2025-12,lunar_birth_year,0,0,0
1049,2025-12,central_house_register,259,205,464
1049,2025-12,non_thai_nationality,488,369,857
1049,2025-12,in_migration,8,4,12
1050,2025-12,lunar_birth_year,0,0,0
1050,2025-12,central_house_register,887,790,1677
1050,2025-12,non_thai_nationality,415,409,824
1050,2025-12,in_migration,4,3,7
