district_code,district_name_th,district_name_en,area_km2,boundary_resource_date
1001,พระนคร,Phra Nakhon,5.36107892,2021-03-09
1002,ดุสิต,Dusit,11.32992476,2021-03-09
1003,หนองจอก,Nong Chok,240.44868562,2021-03-09
1004,บางรัก,Bang Rak,4.01258503,2021-03-09
1005,บางเขน,Bang Khen,40.95918185,2021-03-09
1006,บางกะปิ,Bang Kapi,27.58746326,2021-03-09
1007,ปทุมวัน,Parthum Wan,8.03278558,2021-03-09
1008,ป้อมปราบศัตรูพ่าย,Pom Prap Sattru Phai,2.50411842,2021-03-09
1009,พระโขนง,Phra Khanong,13.57872526,2021-03-09
1010,มีนบุรี,Min Buri,61.12054391,2021-03-09
1011,ลาดกระบัง,Lat Krabang,128.62833162,2021-03-09
1012,ยานนาวา,Yan na wa,12.50481044,2021-03-09
1013,สัมพันธวงศ์,Samphanthawong,1.39297589,2021-03-09
1014,พญาไท,Phaya Thai,9.21468787,2021-03-09
1015,ธนบุรี,Thon buri,8.46188286,2021-03-09
1016,บางกอกใหญ่,Bangkok Yai,6.29828615,2021-03-09
1017,ห้วยขวาง,Huai Khwang,16.319304,2021-03-09
1018,คลองสาน,Khlong San,5.96598917,2021-03-09
1019,ตลิ่งชัน,Taling Chan,35.76779832,2021-03-09
1020,บางกอกน้อย,Bangkok Noi,12.32397187,2021-03-09
1021,บางขุนเทียน,Bang Khun thain,122.20809397,2021-03-09
1022,ภาษีเจริญ,Phasi Charoen,19.18253728,2021-03-09
1023,หนองแขม,Nong Khaem,36.20146693,2021-03-09
1024,ราษฎร์บูรณะ,Rat Burana,12.33315852,2021-03-09
1025,บางพลัด,Bang Phlat,11.80458933,2021-03-09
1026,ดินแดง,Din Daeng,8.46590967,2021-03-09
1027,บึงกุ่ม,Bueng Kum,23.40500661,2021-03-09
1028,สาทร,Sathon,7.25915913,2021-03-09
1029,บางซื่อ,Bang Sue,12.88581637,2021-03-09
1030,จตุจักร,Chatu Chak,32.6567862,2021-03-09
1031,บางคอแหลม,Bang Kho laen,8.31218582,2021-03-09
1032,ประเวศ,Pra Wet,53.72888251,2021-03-09
1033,คลองเตย,Khlong Toei,13.24043033,2021-03-09
1034,สวนหลวง,Suanluang,24.11361277,2021-03-09
1035,จอมทอง,Chom Thong,23.16720968,2021-03-09
1036,ดอนเมือง,Don Mueang,36.69151818,2021-03-09
1037,ราชเทวี,Ratchathewi,7.16766783,2021-03-09
1038,ลาดพร้าว,Lat Phrao,21.26647986,2021-03-09
1039,วัฒนา,Vadhana,12.99657257,2021-03-09
1040,บางแค,Bang Khae,47.89076281,2021-03-09
1041,หลักสี่,Lak Si,22.66925398,2021-03-09
1042,สายไหม,Sai Mai,43.61296989,2021-03-09
1043,คันนายาว,Khan Na Yao,25.38056751,2021-03-09
1044,สะพานสูง,Saphan Sung,28.06871618,2021-03-09
1045,วังทองหลาง,Wang Thong Lang,17.07561594,2021-03-09
1046,คลองสามวา,Khlong Sam Wa,120.17716475,2021-03-09
1047,บางนา,Bang Na,18.94756834,2021-03-09
1048,ทวีวัฒนา,Thawi Watthana,51.7322579,2021-03-09
1049,ทุ่งครุ,Thung khru,32.95069222,2021-03-09
1050,บางบอน,Bang Bon,35.85731775,2021-03-09
