district_code,district_name_th,district_name_en,area_km2,boundary_resource_date,reference_period,population_male,population_female,population_total,registered_houses,age_classified_thai_population,population_age_0_14,population_age_15_59,population_age_60_plus,population_outside_age_series,age_60_plus_share_of_age_classified_thai,population_density_per_km2
1001,พระนคร,Phra Nakhon,5.36107892,2021-03-09,2025-12,18723,19685,38408,18848,37324,3556,20861,12907,1084,0.34580967,7164.2295
1002,ดุสิต,Dusit,11.32992476,2021-03-09,2025-12,38627,34161,72788,32986,69360,6399,39682,23279,3428,0.33562572,6424.4028
1003,หนองจอก,Nong Chok,240.44868562,2021-03-09,2025-12,91099,96888,187987,75862,186434,29926,126407,30101,1553,0.1614566,781.8175
1004,บางรัก,Bang Rak,4.01258503,2021-03-09,2025-12,18890,21659,40549,36129,33511,2923,19660,10928,7038,0.32610188,10105.4556
1005,บางเขน,Bang Khen,40.95918185,2021-03-09,2025-12,85121,98185,183306,121013,180947,19335,118287,43325,2359,0.23943475,4475.3335
1006,บางกะปิ,Bang Kapi,27.58746326,2021-03-09,2025-12,63664,77237,140901,118394,137597,15080,89747,32770,3304,0.23815926,5107.4286
1007,ปทุมวัน,Parthum Wan,8.03278558,2021-03-09,2025-12,18121,20439,38560,32604,34153,3306,21051,9796,4407,0.28682693,4800.3273
1008,ป้อมปราบศัตรูพ่าย,Pom Prap Sattru Phai,2.50411842,2021-03-09,2025-12,17516,18384,35900,19645,33659,2898,18361,12400,2241,0.36840072,14336.3827
1009,พระโขนง,Phra Khanong,13.57872526,2021-03-09,2025-12,37420,46594,84014,66641,81607,7576,51974,22057,2407,0.27028319,6187.1787
1010,มีนบุรี,Min Buri,61.12054391,2021-03-09,2025-12,65987,74462,140449,68253,138317,19478,91046,27793,2132,0.20093698,2297.9017
1011,ลาดกระบัง,Lat Krabang,128.62833162,2021-03-09,2025-12,85793,96398,182191,109355,180440,25260,122301,32879,1751,0.18221569,1416.4142
1012,ยานนาวา,Yan na wa,12.50481044,2021-03-09,2025-12,33350,39063,72413,54497,69622,7676,42485,19461,2791,0.27952371,5790.8115
1013,สัมพันธวงศ์,Samphanthawong,1.39297589,2021-03-09,2025-12,8901,9428,18329,12955,17393,1296,9574,6523,936,0.37503593,13158.1603
1014,พญาไท,Phaya Thai,9.21468787,2021-03-09,2025-12,29646,32629,62275,46986,60240,6910,38512,14818,2035,0.24598274,6758.2322
1015,ธนบุรี,Thon buri,8.46188286,2021-03-09,2025-12,44400,51266,95666,66171,93769,8555,58022,27192,1897,0.28998923,11305.5217
1016,บางกอกใหญ่,Bangkok Yai,6.29828615,2021-03-09,2025-12,27277,31527,58804,33220,57970,5101,35035,17834,834,0.30764188,9336.5082
1017,ห้วยขวาง,Huai Khwang,16.319304,2021-03-09,2025-12,37312,46726,84038,96716,80803,8486,54051,18266,3235,0.22605596,5149.6069
1018,คลองสาน,Khlong San,5.96598917,2021-03-09,2025-12,28302,33530,61832,44636,58473,5257,34712,18504,3359,0.31645375,10364.0818
1019,ตลิ่งชัน,Taling Chan,35.76779832,2021-03-09,2025-12,46691,53742,100433,45460,99450,10532,59432,29486,983,0.2964907,2807.9167
1020,บางกอกน้อย,Bangkok Noi,12.32397187,2021-03-09,2025-12,43891,51091,94982,56273,92164,7804,53522,30838,2818,0.33459919,7707.0932
1021,บางขุนเทียน,Bang Khun thain,122.20809397,2021-03-09,2025-12,86730,98430,185160,96463,182432,26196,119696,36540,2728,0.20029381,1515.1206
1022,ภาษีเจริญ,Phasi Charoen,19.18253728,2021-03-09,2025-12,55545,65435,120980,70059,119337,12323,75473,31541,1643,0.26430193,6306.7778
1023,หนองแขม,Nong Khaem,36.20146693,2021-03-09,2025-12,71556,83134,154690,66694,152842,18803,99581,34458,1848,0.2254485,4273.0313
1024,ราษฎร์บูรณะ,Rat Burana,12.33315852,2021-03-09,2025-12,35180,38912,74092,41018,72600,8217,45666,18717,1492,0.25780992,6007.5446
1025,บางพลัด,Bang Phlat,11.80458933,2021-03-09,2025-12,38591,47200,85791,62326,84703,7378,51596,25729,1088,0.30375548,7267.5972
1026,ดินแดง,Din Daeng,8.46590967,2021-03-09,2025-12,49934,59113,109047,66035,104649,10246,64346,30057,4398,0.28721727,12880.7186
1027,บึงกุ่ม,Bueng Kum,23.40500661,2021-03-09,2025-12,61151,73741,134892,79796,133115,14848,84776,33491,1777,0.25159449,5763.3823
1028,สาทร,Sathon,7.25915913,2021-03-09,2025-12,32657,36562,69219,45276,65958,6316,38664,20978,3261,0.31805088,9535.4019
1029,บางซื่อ,Bang Sue,12.88581637,2021-03-09,2025-12,53473,63127,116600,79285,114763,10714,69981,34068,1837,0.29685526,9048.7088
1030,จตุจักร,Chatu Chak,32.6567862,2021-03-09,2025-12,70449,84064,154513,142403,152017,15224,97903,38890,2496,0.25582665,4731.4209
1031,บางคอแหลม,Bang Kho laen,8.31218582,2021-03-09,2025-12,35184,39662,74846,41120,72434,7537,42586,22311,2412,0.30801833,9004.3704
1032,ประเวศ,Pra Wet,53.72888251,2021-03-09,2025-12,85623,97939,183562,108246,179496,26070,117607,35819,4066,0.19955319,3416.4492
1033,คลองเตย,Khlong Toei,13.24043033,2021-03-09,2025-12,41567,46737,88304,83975,84571,9267,54549,20755,3733,0.2454151,6669.2696
1034,สวนหลวง,Suanluang,24.11361277,2021-03-09,2025-12,55875,67416,123291,87941,120008,15535,78035,26438,3283,0.22030198,5112.9211
1035,จอมทอง,Chom Thong,23.16720968,2021-03-09,2025-12,64776,73093,137869,74897,134837,14375,83260,37202,3032,0.2759035,5951.0404
1036,ดอนเมือง,Don Mueang,36.69151818,2021-03-09,2025-12,82262,83332,165594,83940,162574,18488,109425,34661,3020,0.21320137,4513.1411
1037,ราชเทวี,Ratchathewi,7.16766783,2021-03-09,2025-12,29052,32325,61377,58105,55817,5443,35078,15296,5560,0.27403838,8563.0363
1038,ลาดพร้าว,Lat Phrao,21.26647986,2021-03-09,2025-12,49981,60679,110660,60897,109301,11763,67695,29843,1359,0.27303501,5203.494
1039,วัฒนา,Vadhana,12.99657257,2021-03-09,2025-12,36929,42807,79736,87283,65835,7074,39459,19302,13901,0.29318751,6135.156
1040,บางแค,Bang Khae,47.89076281,2021-03-09,2025-12,88459,103538,191997,98608,189018,20707,119195,49116,2979,0.25984827,4009.0612
1041,หลักสี่,Lak Si,22.66925398,2021-03-09,2025-12,46410,50942,97352,63225,95671,9317,60184,26170,1681,0.27354162,4294.451
1042,สายไหม,Sai Mai,43.61296989,2021-03-09,2025-12,98992,113920,212912,113037,209130,28220,136186,44724,3782,0.21385741,4881.8505
1043,คันนายาว,Khan Na Yao,25.38056751,2021-03-09,2025-12,43191,50111,93302,49319,85332,9956,54873,20503,7970,0.24027329,3676.1195
1044,สะพานสูง,Saphan Sung,28.06871618,2021-03-09,2025-12,44680,53132,97812,44739,96746,13183,61022,22541,1066,0.23299154,3484.7337
1045,วังทองหลาง,Wang Thong Lang,17.07561594,2021-03-09,2025-12,46225,56056,102281,66497,100793,11988,63591,25214,1488,0.25015626,5989.8864
1046,คลองสามวา,Khlong Sam Wa,120.17716475,2021-03-09,2025-12,100782,114645,215427,95016,213298,30842,145541,36915,2129,0.17306773,1792.5785
1047,บางนา,Bang Na,18.94756834,2021-03-09,2025-12,38866,45708,84574,83277,82110,7669,53464,20977,2464,0.25547436,4463.5807
1048,ทวีวัฒนา,Thawi Watthana,51.7322579,2021-03-09,2025-12,37237,43579,80816,37532,79346,8959,47943,22444,1470,0.2828624,1562.1974
1049,ทุ่งครุ,Thung khru,32.95069222,2021-03-09,2025-12,57614,66273,123887,58566,122554,15626,79499,27429,1333,0.22381154,3759.7693
1050,บางบอน,Bang Bon,35.85731775,2021-03-09,2025-12,46570,51590,98160,54139,95652,11773,61872,22007,2508,0.2300736,2737.5165
