district_code,age_source_name,district_name_th,match_method
1001,เขตพระนคร,พระนคร,exact_name_after_prefix_removal
1002,เขตดุสิต,ดุสิต,exact_name_after_prefix_removal
1003,เขตหนองจอก,หนองจอก,exact_name_after_prefix_removal
1004,เขตบางรัก,บางรัก,exact_name_after_prefix_removal
1005,เขตบางเขน,บางเขน,exact_name_after_prefix_removal
1006,เขตบางกะปิ,บางกะปิ,exact_name_after_prefix_removal
1007,เขตปทุมวัน,ปทุมวัน,exact_name_after_prefix_removal
1008,เขตป้อมปราบศัตรูพ่าย,ป้อมปราบศัตรูพ่าย,exact_name_after_prefix_removal
1009,เขตพระโขนง,พระโขนง,exact_name_after_prefix_removal
1010,เขตมีนบุรี,มีนบุรี,exact_name_after_prefix_removal
1011,เขตลาดกระบัง,ลาดกระบัง,exact_name_after_prefix_removal
1012,เขตยานนาวา,ยานนาวา,exact_name_after_prefix_removal
1013,เขตสัมพันธวงศ์,สัมพันธวงศ์,exact_name_after_prefix_removal
1014,เขตพญาไท,พญาไท,exact_name_after_prefix_removal
1015,เขตธนบุรี,ธนบุรี,exact_name_after_prefix_removal
1016,เขตบางกอกใหญ่,บางกอกใหญ่,exact_name_after_prefix_removal
1017,เขตห้วยขวาง,ห้วยขวาง,exact_name_after_prefix_removal
1018,เขตคลองสาน,คลองสาน,exact_name_after_prefix_removal
1019,เขตตลิ่งชัน,ตลิ่งชัน,exact_name_after_prefix_removal
1020,เขตบางกอกน้อย,บางกอกน้อย,exact_name_after_prefix_removal
1021,เขตบางขุนเทียน,บางขุนเทียน,exact_name_after_prefix_removal
1022,เขตภาษีเจริญ,ภาษีเจริญ,exact_name_after_prefix_removal
1023,เขตหนองแขม,หนองแขม,exact_name_after_prefix_removal
1024,เขตราษฎร์บูรณะ,ราษฎร์บูรณะ,exact_name_after_prefix_removal
1025,เขตบางพลัด,บางพลัด,exact_name_after_prefix_removal
1026,เขตดินแดง,ดินแดง,exact_name_after_prefix_removal
1027,เขตบึงกุ่ม,บึงกุ่ม,exact_name_after_prefix_removal
1028,เขตสาทร,สาทร,exact_name_after_prefix_removal
1029,เขตบางซื่อ,บางซื่อ,exact_name_after_prefix_removal
1030,เขตจตุจักร,จตุจักร,exact_name_after_prefix_removal
1031,เขตบางคอแหลม,บางคอแหลม,exact_name_after_prefix_removal
1032,เขตประเวศ,ประเวศ,exact_name_after_prefix_removal
1033,เขตคลองเตย,คลองเตย,exact_name_after_prefix_removal
1034,เขตสวนหลวง,สวนหลวง,exact_name_after_prefix_removal
1035,เขตจอมทอง,จอมทอง,exact_name_after_prefix_removal
1036,เขตดอนเมือง,ดอนเมือง,exact_name_after_prefix_removal
1037,เขตราชเทวี,ราชเทวี,exact_name_after_prefix_removal
1038,เขตลาดพร้าว,ลาดพร้าว,exact_name_after_prefix_removal
1039,เขตวัฒนา,วัฒนา,exact_name_after_prefix_removal
1040,เขตบางแค,บางแค,exact_name_after_prefix_removal
1041,เขตหลักสี่,หลักสี่,exact_name_after_prefix_removal
1042,เขตสายไหม,สายไหม,exact_name_after_prefix_removal
1043,เขตคันนายาว,คันนายาว,exact_name_after_prefix_removal
1044,เขตสะพานสูง,สะพานสูง,exact_name_after_prefix_removal
1045,เขตวังทองหลาง,วังทองหลาง,exact_name_after_prefix_removal
1046,เขตคลองสามวา,คลองสามวา,exact_name_after_prefix_removal
1047,เขตบางนา,บางนา,exact_name_after_prefix_removal
1048,เขตทวีวัฒนา,ทวีวัฒนา,exact_name_after_prefix_removal
1049,เขตทุ่งครุ,ทุ่งครุ,exact_name_after_prefix_removal
1050,เขตบางบอน,บางบอน,exact_name_after_prefix_removal
